{"cameraMode":{"drawMode":0,"name":"Shaded","section":"Shading Mode"},"sceneLighting":false,"audioPlay":false,"sceneViewState":{"m_AlwaysRefresh":false,"showFog":true,"showSkybox":false,"showFlares":true,"showImageEffects":true,"showParticleSystems":true,"showVisualEffectGraphs":true,"m_FxEnabled":true},"in2DMode":false,"pivot":{"x":0.21708863973617555,"y":1.020000696182251,"z":0.09848606586456299},"rotation":{"x":0.1790156066417694,"y":-0.15861698985099793,"z":0.029256852343678476,"w":0.970536470413208},"size":1.6118004322052003,"orthographic":false}